{
  "model_type": "DecisionTreeRegressor",
  "timestamp": "2025-10-28T23:12:15.402236",
  "cv_performance": {
    "cv_rmse": 20.294081736336995,
    "cv_mae": 14.18661971830986,
    "cv_r2": -0.21756379749665844,
    "n_oos": 71,
    "scale": "original",
    "rmse": 20.294081736336995,
    "mae": 14.18661971830986,
    "r2": -0.21756379749665844
  },
  "insample_performance": {
    "rmse": 0.3219002821786069,
    "mae": 0.05989583333333337,
    "r2": 0.9996632011006527,
    "n_samples": 96,
    "_warning": "Optimistisch – für Generalisierung cv_performance verwenden."
  },
  "hyperparameters": {
    "ccp_alpha": 0.0,
    "criterion": "squared_error",
    "max_depth": 12,
    "max_features": null,
    "min_samples_leaf": 1,
    "min_samples_split": 2
  },
  "model_complexity": {
    "n_features": 8,
    "tree_depth": 12,
    "n_leaves": 92,
    "n_splits": 183,
    "top_features": {
      "DET_trend_t": 0.06174254222912085,
      "DET_trend_t2": 0.10880117812037482,
      "SEAS_Q3": 0.05787774123855719,
      "TARGET__lag-1Q": 0.10158966753025156,
      "TARGET__lag-2Q": 0.1287085689207688,
      "TARGET__lag-4Q": 0.5404521472493802
    }
  },
  "training_data": {
    "n_train_quarters": 96,
    "date_range": "2001Q1 to 2024Q4",
    "target_variable": "PH_EINLAGEN",
    "feature_count": 8
  },
  "forecast_config": {
    "horizon_quarters": 6,
    "future_exog_strategy": "mixed",
    "target_transform": "none",
    "target_standardize": true,
    "exog_lags_months": [
      -12,
      -6,
      -3,
      -1
    ],
    "ar_lags_quarters": [
      1,
      2,
      4
    ],
    "seasonality_mode": "dummies",
    "add_trend_features": true,
    "trend_degree": 2,
    "selected_exog": [],
    "cache_tag": "ph_wertpapiere_bestand_h6",
    "random_state": 42
  },
  "y_train_summary": {
    "mean": 22.503125,
    "std": 17.54025995819451,
    "min": -10.699999999999998,
    "max": 76.5,
    "n": 96
  },
  "cv_metrics_scale": "original",
  "X_cols": [
    "DET_trend_t",
    "DET_trend_t2",
    "SEAS_Q1",
    "SEAS_Q2",
    "SEAS_Q3",
    "TARGET__lag-1Q",
    "TARGET__lag-2Q",
    "TARGET__lag-4Q"
  ],
  "cv_residuals": [
    4.5,
    13.000000000000002,
    23.999999999999993,
    -20.7,
    -22.499999999999993,
    9.799999999999999,
    61.4,
    -0.5999999999999979,
    -2.1999999999999993,
    1.7000000000000004,
    -54.2,
    6.799999999999996,
    13.499999999999998,
    0.5999999999999988,
    15.300000000000004,
    -7.099999999999996,
    -18.6,
    7.5,
    4.5,
    14.799999999999997,
    7.600000000000003,
    13.4,
    1.3000000000000043,
    -14.7,
    -3.8000000000000007,
    2.1999999999999957,
    27.4,
    5.200000000000001,
    3.0999999999999996,
    7.400000000000002,
    18.600000000000012,
    1.799999999999999,
    13.5,
    4.399999999999999,
    -4.900000000000013,
    -12.500000000000005,
    -14.700000000000014,
    21.4,
    26.700000000000014,
    -1.099999999999996,
    -14.900000000000013,
    -10.700000000000003,
    -11.400000000000013,
    -0.9000000000000021,
    11.099999999999998,
    -6.699999999999999,
    -2.200000000000003,
    10.95,
    -13.200000000000003,
    2.1999999999999993,
    -3.1000000000000085,
    -3.0,
    30.499999999999993,
    20.200000000000014,
    0.5999999999999943,
    6.599999999999987,
    -22.299999999999997,
    -64.3,
    -20.299999999999997,
    -0.5,
    -6.400000000000002,
    7.699999999999999,
    -0.8000000000000114,
    -26.0,
    -15.699999999999992,
    -63.1,
    35.900000000000006,
    42.4,
    15.20000000000001,
    -14.899999999999999,
    -14.500000000000007
  ],
  "forecast_timestamp": "2025-10-28T23:25:16.783703",
  "model_source": "cached",
  "exog_source": {
    "mode": "manual",
    "selected_exog": [
      "QSA.Q.N.DE.W0.S1M.S1.N.A.LE.F._Z._Z.XDC._T.S.V.N._T__last",
      "QSA.Q.N.DE.W0.S1M.S1._Z.B.B6G._Z._Z._Z.XDC._T.S.V.N._T__last",
      "IRS.M.DE.L.L40.CI.0000.EUR.N.Z__last",
      "ICP.M.DE.N.000000.4.ANR__last"
    ],
    "downloader_output_path": null
  },
  "cv_residual_std_unscaled": 20.43608845321447,
  "ci_std_error": 20.43608845321447
}