{
  "Q_t0": "2025Q1",
  "target": "Gesamt GVB",
  "yhat_baseline_t0": 89.9,
  "horizon_Q": 4,
  "table": [
    {
      "Quarter": "2025Q2",
      "Forecast_Baseline": 89.9,
      "Forecast_Scenario": 89.9,
      "Delta_abs": 0.0,
      "Delta_pct": 0.0
    },
    {
      "Quarter": "2025Q3",
      "Forecast_Baseline": 83.35000000000001,
      "Forecast_Scenario": 78.03668406935392,
      "Delta_abs": -5.313315930646084,
      "Delta_pct": -6.374704175940112
    },
    {
      "Quarter": "2025Q4",
      "Forecast_Baseline": 83.35000000000001,
      "Forecast_Scenario": 75.12967536174814,
      "Delta_abs": -8.220324638251867,
      "Delta_pct": -9.862417082485743
    },
    {
      "Quarter": "2026Q1",
      "Forecast_Baseline": 70.35,
      "Forecast_Scenario": 65.88458887648694,
      "Delta_abs": -4.46541112351305,
      "Delta_pct": -6.347421639677399
    }
  ],
  "scenario_cols": [
    "inflation__last"
  ]
}