{
  "Q_t0": "2025Q1",
  "target": "Gesamt GVB",
  "yhat_baseline_t0": 89.9,
  "horizon_Q": 4,
  "table": [
    {
      "Quarter": "2025Q2",
      "Forecast_Baseline": 89.9,
      "Forecast_Scenario": 89.9,
      "Delta_abs": 0.0,
      "Delta_pct": 0.0
    },
    {
      "Quarter": "2025Q3",
      "Forecast_Baseline": 83.35000000000001,
      "Forecast_Scenario": 80.2253600494237,
      "Delta_abs": -3.1246399505763094,
      "Delta_pct": -3.7488181770561595
    },
    {
      "Quarter": "2025Q4",
      "Forecast_Baseline": 83.35000000000001,
      "Forecast_Scenario": 76.4481308002197,
      "Delta_abs": -6.901869199780307,
      "Delta_pct": -8.280586922351898
    },
    {
      "Quarter": "2026Q1",
      "Forecast_Baseline": 70.35,
      "Forecast_Scenario": 66.61392801479964,
      "Delta_abs": -3.736071985200354,
      "Delta_pct": -5.310692231983446
    }
  ],
  "scenario_cols": [
    "inflation__last"
  ]
}