{
  "Q_t0": "2025Q1",
  "target": "Versicherungen",
  "yhat_baseline_t0": 39.43333333333334,
  "horizon_Q": 4,
  "table": [
    {
      "Quarter": "2025Q2",
      "Forecast_Baseline": -4.45,
      "Forecast_Scenario": -4.45,
      "Delta_abs": 0.0,
      "Delta_pct": -0.0
    },
    {
      "Quarter": "2025Q3",
      "Forecast_Baseline": 13.133333333333333,
      "Forecast_Scenario": 13.133333333333333,
      "Delta_abs": 0.0,
      "Delta_pct": 0.0
    },
    {
      "Quarter": "2025Q4",
      "Forecast_Baseline": 2.9333333333333336,
      "Forecast_Scenario": 2.9333333333333336,
      "Delta_abs": 0.0,
      "Delta_pct": 0.0
    },
    {
      "Quarter": "2026Q1",
      "Forecast_Baseline": 45.349999999999994,
      "Forecast_Scenario": 45.349999999999994,
      "Delta_abs": 0.0,
      "Delta_pct": 0.0
    }
  ],
  "scenario_cols": []
}