Quarter,Forecast
2025Q1,9.478397160976122
2025Q2,9.464280580517265
2025Q3,13.343371257438767
2025Q4,15.23518501755088
2026Q1,13.300132190007048
2026Q2,15.761611200129371
