{
  "model_type": "DecisionTreeRegressor",
  "timestamp": "2025-10-27T18:40:50.020813",
  "cv_performance": {
    "cv_rmse": 41.430213232209574,
    "cv_mae": 29.28403755868545,
    "cv_r2": -0.05257105487327762,
    "n_oos": 71,
    "scale": "original",
    "rmse": 41.430213232209574,
    "mae": 29.28403755868545,
    "r2": -0.05257105487327762
  },
  "insample_performance": {
    "rmse": 5.214354602787493,
    "mae": 2.6174305555555546,
    "r2": 0.9829016002751761,
    "n_samples": 96,
    "_warning": "Optimistisch – für Generalisierung cv_performance verwenden."
  },
  "hyperparameters": {
    "ccp_alpha": 0.0,
    "criterion": "squared_error",
    "max_depth": 8,
    "max_features": null,
    "min_samples_leaf": 1,
    "min_samples_split": 2
  },
  "model_complexity": {
    "n_features": 8,
    "tree_depth": 8,
    "n_leaves": 61,
    "n_splits": 121,
    "top_features": {
      "DET_trend_t": 0.5933500669230133,
      "DET_trend_t2": 0.07152821535489697,
      "SEAS_Q2": 0.012776632928619821,
      "TARGET__lag-1Q": 0.15509373305022964,
      "TARGET__lag-2Q": 0.027671616754219853,
      "TARGET__lag-4Q": 0.13911727948369282
    }
  },
  "training_data": {
    "n_train_quarters": 96,
    "date_range": "2001Q1 to 2024Q4",
    "target_variable": "PH_EINLAGEN",
    "feature_count": 8
  },
  "forecast_config": {
    "horizon_quarters": 6,
    "future_exog_strategy": "mixed",
    "target_transform": "none",
    "target_standardize": true,
    "exog_lags_months": [
      -12,
      -6,
      -3,
      -1
    ],
    "ar_lags_quarters": [
      1,
      2,
      4
    ],
    "seasonality_mode": "dummies",
    "add_trend_features": true,
    "trend_degree": 2,
    "selected_exog": [],
    "cache_tag": "einlagen_bestand_h6",
    "random_state": 42
  },
  "y_train_summary": {
    "mean": 42.04687499999999,
    "std": 39.87703221865574,
    "min": -109.8,
    "max": 136.7,
    "n": 96
  },
  "cv_metrics_scale": "original",
  "X_cols": [
    "DET_trend_t",
    "DET_trend_t2",
    "SEAS_Q1",
    "SEAS_Q2",
    "SEAS_Q3",
    "TARGET__lag-1Q",
    "TARGET__lag-2Q",
    "TARGET__lag-4Q"
  ],
  "cv_residuals": [
    0.0,
    -13.899999999999991,
    -9.700000000000005,
    19.700000000000017,
    7.700000000000001,
    -48.599999999999994,
    -107.96666666666667,
    -75.80000000000001,
    158.6,
    12.600000000000001,
    21.200000000000003,
    31.200000000000003,
    47.775000000000006,
    -21.400000000000002,
    38.225,
    124.3,
    7.299999999999997,
    25.000000000000007,
    33.4,
    13.9,
    -5.9999999999999964,
    26.899999999999995,
    13.8,
    19.900000000000002,
    38.499999999999986,
    -0.3000000000000007,
    -21.69999999999999,
    -8.999999999999986,
    -30.999999999999986,
    -37.10000000000001,
    5.199999999999996,
    38.69999999999999,
    20.200000000000003,
    1.8000000000000114,
    23.600000000000016,
    47.90000000000001,
    -7.600000000000023,
    -5.900000000000006,
    -17.599999999999994,
    -33.3,
    -12.100000000000009,
    16.099999999999994,
    -12.100000000000001,
    -4.399999999999999,
    11.099999999999994,
    32.6,
    0.10000000000000853,
    11.900000000000006,
    2.700000000000003,
    56.6,
    -3.6000000000000085,
    51.8,
    85.69999999999999,
    48.29999999999998,
    -39.099999999999994,
    -0.700000000000017,
    5.099999999999994,
    -24.299999999999983,
    25.0,
    -11.799999999999997,
    -84.1,
    -36.40000000000001,
    41.99999999999998,
    -2.999999999999993,
    -35.60000000000001,
    -20.60000000000001,
    -61.39999999999998,
    3.1999999999999957,
    24.9,
    30.200000000000003,
    -58.400000000000006
  ],
  "forecast_timestamp": "2025-10-27T18:40:50.064682",
  "model_source": "fresh_training",
  "exog_source": {
    "mode": "manual",
    "selected_exog": [],
    "downloader_output_path": null
  },
  "cv_residual_std_unscaled": 41.39327769014136,
  "ci_std_error": 41.39327769014136
}